Model,Accuracy,Precision,Recall,F1-Score
logistic,0.7857142857142857,0.8125,0.6842105263157895,0.7428571428571429
random_forest,0.75,0.6976744186046512,0.7894736842105263,0.7407407407407407
decision_tree,0.7023809523809523,0.6511627906976745,0.7368421052631579,0.691358024691358
gradient_boosting,0.7142857142857143,0.6944444444444444,0.6578947368421053,0.6756756756756757
hist_gb,0.6904761904761905,0.6578947368421053,0.6578947368421053,0.6578947368421053
