Model,Accuracy,Precision,Recall,F1-Score
hist_gb,0.7380952380952381,0.7,0.7368421052631579,0.717948717948718
gradient_boosting,0.7619047619047619,0.78125,0.6578947368421053,0.7142857142857143
logistic,0.7380952380952381,0.75,0.631578947368421,0.6857142857142857
random_forest,0.6904761904761905,0.65,0.6842105263157895,0.6666666666666666
decision_tree,0.6428571428571429,0.6176470588235294,0.5526315789473685,0.5833333333333334
