Model,Accuracy,Precision,Recall,F1-Score
random_forest,0.7380952380952381,0.6818181818181818,0.7894736842105263,0.7317073170731707
gradient_boosting,0.75,0.7297297297297297,0.7105263157894737,0.72
hist_gb,0.7380952380952381,0.7,0.7368421052631579,0.717948717948718
logistic,0.7619047619047619,0.78125,0.6578947368421053,0.7142857142857143
decision_tree,0.7142857142857143,0.6590909090909091,0.7631578947368421,0.7073170731707317
