Model,Accuracy,Precision,Recall,F1-Score
random_forest,0.7619047619047619,0.725,0.7631578947368421,0.7435897435897436
gradient_boosting,0.7619047619047619,0.7368421052631579,0.7368421052631579,0.7368421052631579
hist_gb,0.7380952380952381,0.7,0.7368421052631579,0.717948717948718
logistic,0.7619047619047619,0.78125,0.6578947368421053,0.7142857142857143
decision_tree,0.5952380952380952,0.5625,0.47368421052631576,0.5142857142857142
